{
    "productos": [
      {
        "nombre": "Crown SweatShirt",
        "descripcion": "Let them know you are 90s royalty with this official The Fresh Prince crown pattern sweater. Throw vintage vibes that Uncle Phil would approve of. Featuring woven The Fresh Prince logo on chest. Navy crown print crew neck sweatshirt with white ribbed collar and waist band. Cotton/Poly blend.",
        "img1": "Imagenes/Productos/producto1-1.png",
        "img2": "Imagenes/Productos/producto1-2.png",
        "img3": "Imagenes/Productos/producto1-3.png",
        "precio": 80,
        "id": 1
      },
      {
        "nombre": "Fresh Stripe Sweater",
        "descripcion": "Let them know you are 90s royalty with this official The Fresh Prince crown pattern sweater. Throw vintage vibes that Uncle Phil would approve of. Featuring woven The Fresh Prince logo on chest. Navy crown print crew neck sweatshirt with white ribbed collar and waist band. Cotton/Poly blend.",
        "img1": "Imagenes/Productos/producto2-1.png",
        "img2": "Imagenes/Productos/producto2-2.png",
        "img3": "Imagenes/Productos/producto2-3.png",
        "precio": 85,
        "id": 2
      },
      {
        "nombre": "Fresh Black Tie-Dye Hoodie",
        "descripcion": "Let them know you are 90s royalty with this official The Fresh Prince crown pattern sweater. Throw vintage vibes that Uncle Phil would approve of. Featuring woven The Fresh Prince logo on chest. Navy crown print crew neck sweatshirt with white ribbed collar and waist band. Cotton/Poly blend.",
        "img1": "Imagenes/Productos/producto3-1.png",
        "img2": "Imagenes/Productos/producto3-2.png",
        "img3": "Imagenes/Productos/producto3-3.png",
        "precio": 75,
        "id": 3
      },
      {
        "nombre": "Pose For It Tee",
        "descripcion": "Let them know you are 90s royalty with this official The Fresh Prince crown pattern sweater. Throw vintage vibes that Uncle Phil would approve of. Featuring woven The Fresh Prince logo on chest. Navy crown print crew neck sweatshirt with white ribbed collar and waist band. Cotton/Poly blend.",
        "img1": "Imagenes/Productos/producto4-1.png",
        "img2": "Imagenes/Productos/producto4-2.png",
        "img3": "Imagenes/Productos/producto4-3.png",
        "precio": 45,
        "id": 3
      }
    ]
}